{
    "dist_gap_mean": 93.66857147216797,
    "dist_gap_std": 97.41362762451172,
    "time_gap_mean": -0.24251452088356018,
    "time_gap_std": 3.2478995323181152,
    "lngs_mean": 116.14126586914062,
    "lngs_std": 5.909599781036377,
    "lats_mean": 32.54838180541992,
    "lats_std": 5.846443176269531,
    "dist_mean": 865.4688720703125,
    "dist_std": 605.3982543945312,
    "time_mean": -0.6403191089630127,
    "time_std": 4.539200305938721,
    "weather_mean": 11.854721069335938,
    "weather_std": 9.032685279846191,
    "wind_mean": 19.766557693481445,
    "wind_std": 6.565946578979492,
    "temperature_mean": 13.845291137695312,
    "temperature_std": 8.823232650756836
}