{
  "dist_gap_mean": 93.39544677734375,
  "dist_gap_std": 97.01422119140625,
  "time_gap_mean": -0.38113826513290405,
  "time_gap_std": 2.2262942790985107,
  "lngs_mean": 116.13407135009766,
  "lngs_std": 5.931853771209717,
  "lats_mean": 32.544761657714844,
  "lats_std": 5.848401069641113,
  "dist_mean": 861.0037841796875,
  "dist_std": 602.5452270507812,
  "time_mean": -0.9277119636535645,
  "time_std": 2.714458465576172,
  "weather_mean": 11.860960960388184,
  "weather_std": 9.039481163024902,
  "wind_mean": 19.767240524291992,
  "wind_std": 6.567493915557861,
  "temperature_mean": 13.883817672729492,
  "temperature_std": 8.791921615600586
}